{
  "version": 1,
  "author": "Tamanna Tadwal",
  "editor": "wokwi",
  "parts": [
    { "type": "wokwi-esp32-devkit-v1", "id": "esp", "top": 0, "left": 0, "attrs": {} },
    { "type": "board-ssd1306", "id": "oled1", "top": -55.13, "left": -199.66, "attrs": {} },
    {
      "type": "wokwi-pushbutton",
      "id": "S1",
      "top": 236.6,
      "left": -201.6,
      "attrs": { "color": "green" }
    },
    {
      "type": "wokwi-pushbutton",
      "id": "S2",
      "top": 236.6,
      "left": -115.2,
      "attrs": { "color": "yellow" }
    },
    {
      "type": "wokwi-pushbutton",
      "id": "S3",
      "top": 255.8,
      "left": -19.2,
      "attrs": { "color": "red" }
    },
    {
      "type": "wokwi-pushbutton",
      "id": "S4",
      "top": 234.22,
      "left": 67.61,
      "attrs": { "color": "orange" }
    },
    {
      "type": "wokwi-pushbutton",
      "id": "S5",
      "top": 227.91,
      "left": 166.21,
      "attrs": { "color": "blue", "bounce": "1" }
    }
  ],
  "connections": [
    [ "esp:TX0", "$serialMonitor:RX", "", [] ],
    [ "esp:RX0", "$serialMonitor:TX", "", [] ],
    [ "btn5:2.l", "esp:GND.2", "black", [ "h-7.17", "v49.14", "h-368.39", "v-161.71" ] ],
    [ "btn3:2.l", "esp:GND.2", "black", [ "h-19.8", "v38.09", "h-171.97", "v-154.62" ] ],
    [ "btn4:2.l", "esp:GND.2", "black", [ "h-20.59", "v45.98", "h-256.38", "v-172.76" ] ],
    [ "btn2:2.l", "esp:GND.2", "black", [ "h-26.17", "v31.1", "h-74.15", "v-149.88" ] ],
    [ "btn1:2.l", "esp:GND.2", "black", [ "h-1.71", "v22.84", "h-5.52", "v-141.99" ] ],
    [
      "btn1:1.r",
      "esp:D13",
      "green",
      [ "v-25.89", "h335.24", "v-320.27", "h-415.73", "v209.05" ]
    ],
    [
      "btn2:1.r",
      "esp:D33",
      "yellow",
      [ "v-23.15", "h248.46", "v-321.06", "h-413.36", "v185.38" ]
    ],
    [ "btn3:1.r", "esp:D14", "red", [ "v-19.31", "h163.32", "v-314.75", "h-412.57", "v191.69" ] ],
    [
      "btn4:1.r",
      "esp:D27",
      "orange",
      [ "v-21.68", "h86.01", "v-305.29", "h-409.41", "v156.19" ]
    ],
    [ "btn5:1.r", "esp:D26", "black", [ "v-311.19", "h-417.27", "v140.42" ] ],
    [ "esp:D22", "oled1:CLK", "green", [ "h25.37", "v-115.08", "h-269.35" ] ],
    [ "esp:D21", "oled1:DATA", "green", [ "h33.35", "v-154.96", "h-294.29" ] ],
    [ "esp:VIN", "oled1:VIN", "red", [ "h-32.96", "v-225.62", "h-65.84" ] ],
    [ "oled1:VCC", "esp:VIN", "red", [ "v-23.73", "h-77.31", "v216.55" ] ],
    [ "oled1:GND", "esp:GND.2", "black", [ "v-15.31", "h-56.07", "v205.6" ] ],
    [ "oled1:SCL", "esp:D22", "green", [ "v-30.47", "h296.62", "v109.54" ] ],
    [ "oled1:SDA", "esp:D21", "green", [ "v-13.62", "h275.84", "v118.81" ] ],
    [ "esp:D13", "S1:2.r", "green", [ "h-129.8", "v129.3" ] ],
    [ "esp:D33", "S2:2.r", "gold", [ "h-24.2", "v187.1" ] ],
    [ "esp:D14", "S3:2.r", "red", [ "h-53", "v110.4", "h96" ] ],
    [ "esp:D27", "S4:2.r", "orange", [ "h148.6", "v148.4" ] ],
    [ "esp:D26", "S5:2.r", "blue", [ "h263.8", "v167.8" ] ]
  ],
  "dependencies": {}
}